primary_category,orders,revenue,avg_order_value,late_rate,avg_review_score
health_beauty,8621,1413962.84,164.0328120649652,0.08978076789235588,4.232283770651118
watches_gifts,5455,1257930.55,230.60138405132906,0.08582431688978544,4.1296398891966755
bed_bath_table,9240,1241401.11,134.3507694805195,0.08777056277056278,4.003171131765992
sports_leisure,7478,1115692.71,149.19667156993847,0.07783870536311355,4.238095238095238
computers_accessories,6520,1037148.01,159.07178067484662,0.07715907347752723,4.082293111419325
furniture_decor,6208,884646.29,142.50101320876288,0.0856958762886598,4.073109380071405
housewares,5671,755133.88,133.15709398695117,0.07035796155880797,4.207379811956715
cool_stuff,3516,688757.24,195.8922753128555,0.06882821387940842,4.234375
auto,3804,671719.35,176.5823738170347,0.08624769918485406,4.147120972002113
garden_tools,3411,566463.25,166.06955438287892,0.08032834945763706,4.192568563845473
toys,3759,542567.17,144.33816706570897,0.07557211282597126,4.248189863234111
baby,2794,473907.38,169.61609878310665,0.09234073013600573,4.1105699855699855
perfumery,3070,443119.18,144.33849511400652,0.0742671009771987,4.264869281045752
telephony,4071,378264.8,92.91692458855317,0.08548268238761975,4.058067704472449
office_furniture,1244,333916.11,268.42131028938906,0.09244372990353698,3.6543760129659644
stationery,2241,268484.79,119.80579651941096,0.0785363676929942,4.304084380610413
pet_shop,1679,250686.33,149.3069267421084,0.0631328171530673,4.283064033512867
computers,176,226944.65,1289.4582386363636,0.06818181818181818,4.242774566473988
electronics,2509,202444.19,80.68720207253887,0.09844559585492228,4.128112449799197
musical_instruments,606,202032.91,333.3876402640264,0.0891089108910891,4.24
small_appliances,604,196709.02,325.67718543046357,0.06291390728476821,4.270450751252087
fashion_bags_accessories,1816,180514.75,99.40239537444934,0.06662995594713657,4.240873893805309
luggage_accessories,1011,168410.05,166.57769535113746,0.05440158259149357,4.380337636544191
consoles_games,1016,167582.9,164.9437992125984,0.08169291338582677,4.182224428997021
construction_tools_construction,731,163966.98,224.3050341997264,0.09165526675786594,4.1411845730027546
home_appliances_2,226,118008.4,522.1610619469026,0.07079646017699115,4.155555555555556
home_appliances,747,93313.46,124.91761713520751,0.06693440428380187,4.216173835125448
home_construction,460,91672.09,199.28715217391303,0.08260869565217391,4.0873362445414845
furniture_living_room,403,83864.24,208.09985111662533,0.08684863523573201,4.108040201005025
agro_industry_and_commerce,177,76208.42,430.5560451977401,0.05084745762711865,4.107344632768362
home_confort,346,61224.91,176.9506069364162,0.10982658959537572,3.9505813953488373
air_conditioning,246,60125.69,244.41337398373986,0.04065040650406504,4.115702479338843
fixed_telephony,212,59924.99,282.6650471698113,0.05188679245283019,3.9665071770334928
audio,348,57946.76,166.51367816091954,0.12931034482758622,3.8391304347826085
kitchen_dining_laundry_garden_furniture,236,56722.59,240.34995762711864,0.046610169491525424,4.128205128205129
books_general_interest,495,54376.96,109.85244444444444,0.06882591093117409,4.5336048879837065
construction_tools_lights,237,51804.840000000004,218.58582278481015,0.09282700421940929,4.183760683760684
small_appliances_home_oven_and_coffee,72,49268.75,684.2881944444445,0.06944444444444445,4.430555555555555
industry_commerce_and_business,229,45771.0,199.87336244541484,0.08333333333333333,4.237885462555066
construction_tools_safety,155,43149.35,278.38290322580644,0.04516129032258064,4.0
food,436,35613.4,81.68211009174313,0.10091743119266056,4.324074074074074
market_place,264,32356.05,122.56079545454546,0.04924242424242424,4.133587786259542
costruction_tools_garden,186,28952.21,155.6570430107527,0.06989247311827956,4.279569892473118
fashion_shoes,233,27715.88,118.95227467811159,0.06437768240343347,4.286026200873362
signaling_and_security,137,27695.36,202.15591240875912,0.058394160583941604,4.139705882352941
art,194,27646.7,142.50876288659794,0.07731958762886598,4.114583333333333
drinks,285,27595.75,96.82719298245614,0.06666666666666667,4.245614035087719
books_technical,256,23149.85,90.4291015625,0.109375,4.427450980392157
furniture_bedroom,88,23028.6,261.68863636363636,0.07954545454545454,4.261363636363637
food_drink,220,19530.63,88.77559090909091,0.06363636363636363,4.443181818181818
costruction_tools_tools,97,17934.170000000002,184.88835051546394,0.061855670103092786,4.425531914893617
fashion_male_clothing,106,12514.94,118.06547169811321,0.04716981132075472,3.8190476190476192
christmas_supplies,125,11950.02,95.60016,0.096,4.1138211382113825
fashion_underwear_beach,117,11160.02,95.38478632478633,0.1282051282051282,4.008620689655173
tablets_printing_image,76,8494.02,111.76342105263159,0.06578947368421052,4.162162162162162
cine_photo,63,8135.33,129.13222222222223,0.07936507936507936,4.333333333333333
music,37,6825.92,184.48432432432432,0.08108108108108109,4.297297297297297
furniture_mattress_and_upholstery,37,5904.75,159.58783783783784,0.13513513513513514,3.891891891891892
dvds_blu_ray,55,5777.96,105.05381818181819,0.07272727272727272,4.181818181818182
party_supplies,37,5192.19,140.32945945945946,0.02702702702702703,4.081081081081081
books_imported,50,5182.65,103.65299999999999,0.04,4.44
portateis_cozinha_e_preparadores_de_alimentos,13,4228.05,325.2346153846154,0.07692307692307693,3.6153846153846154
fashio_female_clothing,36,3302.39,91.73305555555555,0.05555555555555555,3.9166666666666665
fashion_sport,24,2503.33,104.30541666666666,0.08333333333333333,4.541666666666667
arts_and_craftmanship,23,2241.54,97.45826086956522,0.08695652173913043,4.173913043478261
la_cuisine,11,2216.62,201.51090909090908,0.0,4.545454545454546
diapers_and_hygiene,25,2046.19,81.8476,0.04,3.96
flowers,27,1491.82,55.25259259259259,0.037037037037037035,4.538461538461538
pc_gamer,6,1280.07,213.345,0.0,3.8333333333333335
home_comfort_2,23,1254.3799999999999,54.538260869565214,0.17391304347826086,3.9545454545454546
cds_dvds_musicals,12,954.99,79.5825,0.0,4.666666666666667
fashion_childrens_clothes,5,502.11,100.422,0.0,5.0
security_and_services,2,324.51,162.255,0.0,2.5
