feature,importance
categorical__customer_state_RO,1.412850833676414
categorical__primary_category_infrequent_sklearn,1.2815761137455792
categorical__primary_seller_state_MA,1.2294146331243492
categorical__customer_state_AL,1.0320646626603616
categorical__primary_seller_state_PE,1.014640130795758
categorical__customer_state_AC,1.0083296602003993
categorical__customer_state_AM,0.9472579869693869
categorical__customer_state_RJ,0.9448421893768161
categorical__primary_category_home_comfort_2,0.8422452411063537
categorical__primary_category_computers,0.7767931802968464
categorical__primary_seller_state_MT,0.7100174504285769
categorical__primary_seller_state_RS,0.7040691490473724
numeric__estimated_days,0.6664449138887425
categorical__primary_category_air_conditioning,0.6314166266988911
categorical__primary_category_audio,0.6052812573820514
categorical__primary_category_christmas_supplies,0.6010019265360076
categorical__primary_seller_state_GO,0.561402160894943
categorical__primary_category_luggage_accessories,0.5563743642032446
categorical__primary_payment_type_infrequent_sklearn,0.5459846852888606
categorical__primary_seller_state_RJ,0.5453683738808597
categorical__primary_category_agro_industry_and_commerce,0.5434465221830277
categorical__primary_category_market_place,0.5345549010336231
categorical__primary_category_furniture_mattress_and_upholstery,0.5338595900974386
categorical__customer_state_SP,0.5267538313624426
categorical__customer_state_SC,0.5087780688398048
categorical__primary_seller_state_CE,0.5075558780068028
categorical__customer_state_BA,0.5051921422796262
categorical__customer_state_AP,0.5014815852406921
categorical__primary_category_flowers,0.4993275657982011
numeric__avg_distance_km,0.4937822850677013
