purchase_year_month,orders,revenue,avg_order_value,late_rate,avg_review_score
2016-09,1,0.0,,1.0,1.0
2016-10,265,46566.71,175.72343396226415,0.011320754716981131,4.011450381679389
2016-12,1,19.62,19.62,0.0,5.0
2017-01,750,127545.67,170.06089333333333,0.030666666666666665,4.199055330634278
2017-02,1653,271298.65,164.12501512401695,0.03206291591046582,4.202678027997566
2017-03,2546,414369.39,162.75309897879026,0.05577376276512176,4.187376335575782
2017-04,2303,390952.18,169.7577854971776,0.07859313938341293,4.137554585152839
2017-05,3546,567066.73,159.91729554427525,0.03610719322990127,4.238487777146106
2017-06,3135,490225.6,156.37180223285486,0.03859649122807018,4.222918675666988
2017-07,3872,566403.93,146.28200671487605,0.034349173553719005,4.258415755682805
2017-08,4193,646000.61,154.066446458383,0.03315048891008824,4.3115246098439375
2017-09,4150,701169.99,168.95662409638555,0.052048192771084335,4.267484215638659
2017-10,4478,751140.27,167.7401228226887,0.05292541313086199,4.205240665766982
2017-11,7289,1153528.05,158.25600905474002,0.1431119648737651,3.988878143133462
2017-12,5513,843199.17,152.94742789769637,0.08380192272809722,4.0895440395531955
2018-01,7069,1078606.86,152.58266515773096,0.06563870420144292,4.108726650506203
2018-02,6555,966510.88,147.44635850495806,0.15987795575896263,3.881717125147277
2018-03,7003,1120678.0,160.02827359702985,0.21362273311437954,3.8132556131260795
2018-04,6798,1132933.95,166.65695057369814,0.05310385407472786,4.2062351895734595
2018-05,6749,1128836.69,167.25984442139574,0.08238257519632539,4.236239214519488
2018-06,6099,1012090.68,165.9437088047221,0.013615485564304463,4.306995884773663
2018-07,6159,1027903.86,166.89460301997076,0.04483430799220273,4.318085280182976
2018-08,6351,985414.28,155.15891670603054,0.10392064241851677,4.3103475513428124
