customer_state,orders,revenue,late_rate,avg_delivery_days,avg_review_score
SP,40501,5770266.19,0.05894700449449301,8.761385996084925,4.246550625315555
RJ,12350,2055690.45,0.13473684210526315,15.30943754217274,3.965140720115743
MG,11354,1819277.61,0.056103575832305796,12.008665646060452,4.19246787771378
RS,5345,861802.4,0.07148203592814371,15.300276192406853,4.1857518302984795
PR,4923,781919.55,0.049969530773918344,11.991582227413277,4.239591836734694
SC,3546,595208.4,0.09757473209249859,14.954782876767771,4.133276499005399
BA,3256,591270.6,0.14035626535626536,19.335465824489262,3.930009290802106
DF,2080,346146.17,0.07067307692307692,12.96756810897436,4.133816425120773
GO,1957,334294.22,0.08175779253960143,15.606338535456764,4.10431654676259
ES,1995,317682.65,0.12230576441102757,15.789307110368513,4.079735906551549
PE,1593,309074.59,0.10797237915881984,18.448322994408407,4.082963901203294
CE,1279,266463.97,0.1532447224394058,21.26657863492891,3.941869599371563
PA,946,212027.55,0.12367864693446089,23.77291691136168,3.909967845659164
MT,886,181441.72,0.06772009029345373,18.05575601172561,4.146188850967008
MA,717,147807.29,0.19665271966527198,21.572976474120562,3.833567415730337
PB,517,137834.65,0.1102514506769826,20.426767609606706,4.076171875
MS,701,134421.54,0.11554921540656206,15.618319018465684,4.160228898426324
PI,476,105272.17,0.15966386554621848,19.45709826291628,3.9936305732484074
RN,474,100728.3,0.10759493670886076,19.27815620604782,4.149681528662421
AL,397,94195.79,0.23929471032745592,24.543855361974067,3.8527918781725887
SE,335,70289.13,0.15223880597014924,21.519788280818133,3.907185628742515
TO,274,60007.37,0.12773722627737227,17.65806260982698,4.153846153846154
RO,243,56975.7,0.02880658436213992,19.37203651310776,4.1652892561983474
AM,145,27596.18,0.041379310344827586,26.42599090038314,4.243055555555555
AC,80,19586.25,0.0375,21.035712962962965,4.0875
AP,67,16141.81,0.04477611940298507,27.185067716970703,4.242424242424242
RR,41,9039.52,0.12195121951219512,29.387546014001806,3.902439024390244
